Email,IP
ajoffe0@google.ru,104.163.170.245
gmaffioni1@tiny.cc,23.1.98.74
sblaxeland2@soup.io,97.10.21.59
bemsden3@hhs.gov,241.60.109.24
fpietruszewicz4@forbes.com,100.90.100.48
kpechell5@squarespace.com,61.216.233.37
ohague6@instagram.com,94.222.36.139
gblack7@yellowbook.com,205.52.227.243
lsibbert8@constantcontact.com,161.24.167.140
nbatham9@e-recht24.de,232.139.78.61
jpeedella@msu.edu,153.138.71.199
cpenellib@army.mil,50.94.48.217
mpentecostc@cmu.edu,74.60.16.227
rcapelowd@weibo.com,113.103.98.60
cbissekere@wiley.com,174.209.128.82
lkattf@oracle.com,254.158.208.176
lcarvillg@bloglines.com,5.181.249.123
aleggenh@bloomberg.com,56.190.205.138
mfendleni@diigo.com,48.42.123.35
mryburnj@wired.com,223.1.223.119
bivanyushkink@mail.ru,6.214.59.9
isteedenl@wordpress.org,27.70.253.97
rbaddileym@merriam-webster.com,0.63.82.27
ekinselln@cnet.com,176.155.15.217
cgiorgio@eepurl.com,116.180.158.205
mflochp@g.co,88.88.208.100
tbatterq@economist.com,235.197.171.20
dlehrerr@howstuffworks.com,240.0.163.102
rbrockmans@spiegel.de,109.96.25.141
mleyrroydt@bravesites.com,173.72.147.182
skobesu@php.net,218.84.149.202
mgilchriestv@g.co,102.167.4.33
bcowterdw@so-net.ne.jp,150.191.173.24
ivalentax@typepad.com,237.164.169.62
ephiny@e-recht24.de,4.124.78.215
gvanzonz@wix.com,140.185.136.191
hkail10@google.it,114.255.166.23
mraspison11@smh.com.au,221.138.188.12
vcoils12@squidoo.com,126.90.92.152
ktorbard13@slideshare.net,221.30.139.46
rwetherby14@bbc.co.uk,191.107.181.208
tclouston15@multiply.com,191.140.159.52
psphinxe16@freewebs.com,6.52.208.101
fgiacovazzo17@creativecommons.org,92.238.170.30
jknox18@naver.com,124.172.143.37
aneames19@theglobeandmail.com,242.252.238.207
ccheale1a@amazon.de,203.68.23.176
icopeman1b@woothemes.com,19.189.63.38
rredsull1c@mayoclinic.com,111.194.56.229
ltuddenham1d@youtube.com,198.190.206.102
amalt1e@gravatar.com,112.73.243.226
cbolf1f@slideshare.net,140.101.151.51
kminithorpe1g@booking.com,51.27.148.18
tdarrington1h@ehow.com,253.181.113.42
dlambrechts1i@mysql.com,245.178.45.175
jrenshell1j@sohu.com,140.74.29.77
ngallamore1k@ask.com,200.110.241.64
nbrandts1l@ca.gov,253.68.241.115
wdibartolomeo1m@webmd.com,118.60.46.127
sblincoe1n@networksolutions.com,249.217.177.53
bcopin1o@businesswire.com,199.181.124.19
acreus1p@cargocollective.com,188.174.85.144
hhubane1q@foxnews.com,17.166.105.136
ctuttiett1r@pbs.org,21.255.175.184
dhovard1s@gnu.org,10.55.242.135
wramelet1t@scribd.com,249.103.110.10
zhollow1u@ask.com,63.86.1.106
jcrass1v@theatlantic.com,29.231.108.103
abidewel1w@buzzfeed.com,133.173.33.162
ddummett1x@sitemeter.com,158.116.47.179
cmolyneux1y@google.com,248.176.25.199
adongate1z@tuttocitta.it,107.202.242.111
jwythe20@wordpress.com,34.60.136.5
fwaddicor21@tinypic.com,54.226.35.124
bibbetson22@wufoo.com,254.189.164.94
hlarmett23@weather.com,117.194.0.242
llaurentino24@xinhuanet.com,171.133.18.208
ohans25@flickr.com,139.221.223.185
azammitt26@imgur.com,243.34.142.202
lportigall27@nih.gov,166.204.143.249
hcullip28@businesswire.com,235.226.214.158
wblewitt29@yellowpages.com,110.185.67.174
hfiddler2a@studiopress.com,241.96.177.244
dswatradge2b@1und1.de,180.126.224.185
nsellor2c@sun.com,63.117.81.8
rscoffham2d@ucsd.edu,127.127.240.39
ebiasio2e@g.co,94.158.196.234
freef2f@unblog.fr,245.31.243.165
fduck2g@nba.com,49.16.173.7
shilley2h@independent.co.uk,206.191.185.152
jsyalvester2i@slate.com,94.240.170.184
tgarm2j@infoseek.co.jp,160.59.135.74
rlillecrop2k@alexa.com,210.162.102.210
jwarlawe2l@reverbnation.com,24.236.173.117
sraden2m@walmart.com,151.33.16.150
aimesen2n@opera.com,142.235.227.232
arylance2o@wordpress.com,163.158.215.34
fwillatts2p@symantec.com,24.16.63.20
fderuggero2q@odnoklassniki.ru,178.192.56.5
bnovakovic2r@comcast.net,199.170.153.36